{
  "buttons": [
    {
      "bottom_left": [
        960.477783203125,
        648.88330078125
      ],
      "bottom_right": [
        1273.7333984375,
        654.0610961914063
      ],
      "id": "stage_1_1",
      "label": "Operation 1-1",
      "stage": "Operation 1-1/stage",
      "top_left": [
        963.0667114257813,
        571.2166748046875
      ],
      "top_right": [
        1273.7333984375,
        566.0388793945313
      ]
    },
    {
      "bottom_left": [
        1452.36669921875,
        654.0610961914063
      ],
      "bottom_right": [
        1726.7889404296875,
        654.0610961914063
      ],
      "id": "stage_1_2",
      "label": "Operation 1-2",
      "stage": "Operation 1-2/stage",
      "top_left": [
        1460.1334228515625,
        571.2166748046875
      ],
      "top_right": [
        1726.7889404296875,
        566.0388793945313
      ]
    }
  ],
  "reference_size": [
    2796.0,
    1290.0
  ],
  "video_1_action": {
    "bottom_left": [
      0.0,
      1080.0
    ],
    "bottom_right": [
      2342.0,
      1080.0
    ],
    "enabled": true,
    "end_ms": 54000.0,
    "frame_sec": 5.0,
    "reference_size": [
      2342.0,
      1080.0
    ],
    "start_ms": 2200.002685546875,
    "top_left": [
      0.0,
      0.0
    ],
    "top_right": [
      2342.0,
      0.0
    ]
  },
  "video_2_awaken": {
    "bottom_left": [
      1016.339599609375,
      819.493408203125
    ],
    "bottom_right": [
      1327.8697509765625,
      821.7028198242188
    ],
    "enabled": true,
    "end_ms": 5800.0,
    "frame_sec": 2.0,
    "reference_size": [
      2342.0,
      1080.0
    ],
    "start_ms": 2000.0,
    "top_left": [
      1011.9207153320313,
      715.6499633789063
    ],
    "top_right": [
      1330.0792236328125,
      715.6499633789063
    ]
  }
}
